{"cameraMode":{"drawMode":0,"name":"Shaded","section":"Shading Mode"},"sceneLighting":false,"audioPlay":false,"sceneViewState":{"m_AlwaysRefresh":false,"showFog":true,"showSkybox":false,"showFlares":true,"showImageEffects":true,"showParticleSystems":true,"showVisualEffectGraphs":true,"m_FxEnabled":true},"in2DMode":false,"pivot":{"x":0.9160093665122986,"y":42.64019775390625,"z":51.97509002685547},"rotation":{"x":0.2532177269458771,"y":-0.02155832201242447,"z":-0.006459439639002085,"w":-0.9667764902114868},"size":47.603816986083987,"orthographic":false}