{"cameraMode":{"drawMode":0,"name":"Shaded","section":"Shading Mode"},"sceneLighting":false,"audioPlay":false,"sceneViewState":{"m_AlwaysRefresh":false,"showFog":true,"showSkybox":false,"showFlares":true,"showImageEffects":true,"showParticleSystems":true,"showVisualEffectGraphs":true,"m_FxEnabled":true},"in2DMode":false,"pivot":{"x":24.610584259033204,"y":0.42119207978248598,"z":-0.03357720375061035},"rotation":{"x":-0.05726676806807518,"y":0.017067590728402139,"z":-0.0009976502042263747,"w":-0.9981746077537537},"size":1.394693374633789,"orthographic":false}