{"cameraMode":{"drawMode":0,"name":"Shaded","section":"Shading Mode"},"sceneLighting":false,"audioPlay":false,"sceneViewState":{"m_AlwaysRefresh":false,"showFog":true,"showSkybox":false,"showFlares":true,"showImageEffects":true,"showParticleSystems":true,"showVisualEffectGraphs":true,"m_FxEnabled":true},"in2DMode":false,"pivot":{"x":-3.2379250526428224,"y":1.0640103816986085,"z":-2.613084316253662},"rotation":{"x":-0.03963208943605423,"y":-0.2369042932987213,"z":0.009669851511716843,"w":-0.9705902934074402},"size":0.8660253882408142,"orthographic":false}