{"cameraMode":{"drawMode":0,"name":"Shaded","section":"Shading Mode"},"sceneLighting":true,"audioPlay":false,"sceneViewState":{"m_AlwaysRefresh":false,"showFog":true,"showSkybox":true,"showFlares":true,"showImageEffects":true,"showParticleSystems":true,"showVisualEffectGraphs":true,"m_FxEnabled":true},"in2DMode":false,"pivot":{"x":-197.78733825683595,"y":80.69467163085938,"z":-6.687108516693115},"rotation":{"x":0.046321287751197818,"y":0.7104364633560181,"z":0.04436783865094185,"w":-0.7002827525138855},"size":152.26730346679688,"orthographic":false}