{"cameraMode":{"drawMode":0,"name":"Shaded","section":"Shading Mode"},"sceneLighting":true,"audioPlay":false,"sceneViewState":{"m_AlwaysRefresh":false,"showFog":true,"showSkybox":true,"showFlares":true,"showImageEffects":true,"showParticleSystems":true,"showVisualEffectGraphs":true,"m_FxEnabled":true},"in2DMode":false,"pivot":{"x":20.884183883666993,"y":1.3477187156677247,"z":-0.28584718704223635},"rotation":{"x":-0.04571803659200668,"y":-0.32165423035621645,"z":0.015538876876235009,"w":-0.945531964302063},"size":17.818130493164064,"orthographic":false}